ID;Firstname;Lastname;OU
1;Althea;Klutts;Administration
2;Hugh;Donelan;Administration
3;Roxie;Clouser;Administration
4;Marylou;Lukasiewicz;Administration
5;Darren;Faulks;Administration
6;Liza;Huhn;Administration
7;Lorrie;Chien;Administration
8;Amie;Francese;Administration
9;John;Diebold;Administration
10;Erik;Mongeau;Administration
11;Lance;Tomes;Administration
12;Ted;Cheers;Administration
13;Tim;Ocheltree;Administration
14;Cody;Salvia;Administration
15;Noreen;Kalish;Administration
16;Allan;Euler;Administration
17;Lonnie;Buresh;Administration
18;Darryl;Gillon;Administration
19;Ted;Eaddy;Administration
20;Malinda;Westrick;Administration
21;Allan;Dildy;Administration
22;Kenya;Moise;Administration
23;Rae;Presti;Administration
24;Guy;Franson;Administration
25;Lakisha;Hesser;Administration
26;Milagros;Woodburn;Administration
27;Harriett;Minier;Administration
28;Ted;Gertz;Administration
29;Saundra;Bartsch;Administration
30;Julianne;Furry;Administration
31;Nelson;Keppler;Administration
32;Clayton;Entrekin;Administration
33;Allan;Kincannon;Administration
34;Sofia;Smoak;Administration
35;Lance;Schleich;Administration
36;Guy;Kluge;Administration
37;Emilia;Victorino;Administration
38;Sofia;Arcand;Administration
39;Carmella;Schuyler;Administration
40;Kathrine;Vrooman;Administration
41;Darren;Lesser;Admins
42;Jessie;Thiem;Admins
43;Darren;Wetherell;Admins
44;Hugh;Forcier;Admins
45;Clinton;Murrah;Admins
46;Tanisha;Leggio;Admins
47;Max;Lenton;Admins
48;Max;Amezcua;Admins
49;Ted;Santa;Admins
50;Max;Housand;Admins
51;Ericka;Fermin;Admins
52;Mallory;Koo;Admins
53;Edwina;Deng;Admins
54;Christian;Antunes;Admins
55;Sofia;Hendrie;Admins
56;Chandra;Lassen;Admins
57;Jamie;Sumler;Admins
58;Lonnie;Mcgonagle;WebMaster
59;Tyrone;Simerly;WebMaster
60;Emilia;Orosz;WebMaster
61;Pearlie;Netter;WebMaster
62;Alana;Hilgefort;WebMaster
63;Nadine;Joshmith;WebMaster
64;Lakisha;Games;WebMaster
65;Harriett;Bartle;WebMaster
66;Nannie;Buchwald;WebMaster
67;Kelly;Neis;WebMaster
68;Max;Kinnison;WebMaster
69;Darryl;Makela;WebMaster
70;Christian;Whitelaw;WebMaster
71;Alana;Hanel;WebMaster
72;Hugh;Colorado;WebMaster
73;Fernando;Defeo;WebMaster
74;Clare;Galang;WebMaster
75;Julio;Turmelle;WebMaster
76;Jamie;Seabury;WebMaster
77;Milagros;Speziale;WebMaster
78;Noemi;Grizzell;WebMaster
79;Julio;Loach;WebMaster
80;Clayton;Bregman;WebMaster
81;Allan;Retana;WebMaster
82;Neil;Crumbley;WebMaster
83;Clayton;Jiang;WebMaster
84;Lonnie;Haskett;WebMaster
85;Jerri;Lieser;WebMaster
86;Jeanie;Radley;WebMaster
87;Erik;Loughran;WebMaster
88;Mathew;Topete;WebMaster
89;Allan;Ebinger;WebMaster
90;Clinton;Tilman;WebMaster
91;Lance;Mceuen;WebMaster
92;Erik;Gilcrease;WebMaster
93;Ken;Rimb;WebMaster
94;Lilia;Withey;WebMaster
95;Malinda;Hovland;WebMaster
96;Roslyn;Boydston;WebMaster
97;Gay;Shkreli;WebMaster
98;Kurt;Thon;WebMaster
99;Darryl;Urbain;WebMaster
100;Kurt;Rohan;WebMaster
101;Carmella;Mcclurkin;WebMaster
102;Earnestine;Moak;WebMaster
103;Althea;Mcmackin;formateurs
104;Jessie;Armstong;formateurs
105;Julianne;Marbury;formateurs
106;Harriett;Geske;formateurs
107;Allan;Maysonet;formateurs
108;Tabatha;Kantz;formateurs
109;Darren;Eddleman;formateurs
110;Gay;Sambrano;formateurs
111;Kathrine;Chalk;formateurs
112;Louisa;Mroz;formateurs
113;Darryl;Roeser;formateurs
114;Clayton;Mummert;formateurs
115;Noemi;Hopps;formateurs
116;Hugh;Garand;formateurs
117;Erik;Brittian;formateurs
118;Guy;Lainez;formateurs
119;Malinda;Selig;formateurs
120;Lance;Mccampbell;formateurs
121;Fernando;Dry;formateurs
122;Tyrone;Penniman;formateurs
123;Ted;Coady;formateurs
124;Pearlie;Westby;formateurs
125;Tabatha;Kitchin;formateurs
126;Max;Lones;formateurs
127;Max;Horak;formateurs
128;Jami;Dahlman;formateurs
129;Chandra;Grogg;formateurs
130;Lance;Shibley;formateurs
131;Tyrone;Shum;formateurs
132;Kurt;Edwin;formateurs
133;Darryl;Schreckengost;formateurs
134;Margery;Merten;formateurs
135;Clinton;Stretch;formateurs
136;Allan;Malsam;formateurs
137;Esmeralda;Saulter;formateurs
138;Tyrone;Shoopman;formateurs
139;Kenya;Ellers;formateurs
140;Ted;Morais;formateurs
141;Julio;Basch;formateurs
142;Alan;Simsons;formateurs
143;Nelson;Uplinger;formateurs
144;Lilia;Quinton;formateurs
145;Tameka;Fluharty;formateurs
146;Erik;Twellman;formateurs
147;Max;Asaro;formateurs
148;Tania;Trevathan;formateurs
149;Darren;Relyea;formateurs
150;Darren;Barratt;formateurs
151;Jessie;Burgamy;formateurs
152;Mathew;Allaire;formateurs
153;Clayton;Gulino;formateurs
154;Neil;Darosa;formateurs
155;Amie;Bonetti;formateurs
156;Kurt;Parkes;formateurs
157;Christian;Schuh;formateurs
158;Althea;Ruppel;formateurs
159;Chandra;Agrawal;formateurs
160;Clinton;Jardin;formateurs
161;Jamie;Kall;formateurs
162;Ericka;Zalenski;formateurs
163;Lonnie;Molock;formateurs
164;Avilla;Alonso;formateurs
165;Guy;Rozelle;formateurs
166;Malinda;Giel;formateurs
167;Kathrine;Tavera;formateurs
168;Maricela;Cazarez;formateurs
169;Kurt;Prosperie;formateurs
170;Annabelle;Sabir;formateurs
171;Elinor;Maziarz;formateurs
172;Clayton;Simser;formateurs
173;Allie;Samet;formateurs
174;Tabatha;Trumble;formateurs
175;Christian;Goldberger;formateurs
176;Elinor;Giuffre;formateurs
177;Clayton;Greenblatt;formateurs
178;Dona;Bazile;formateurs
179;Amie;Gaudin;formateurs
180;Zelma;Clyne;formateurs
181;Lenore;Grumbles;formateurs
182;Elnora;Stayer;formateurs
183;Julianne;Lattimer;formateurs
184;Rosalinda;Christon;formateurs
185;Hugh;Culton;formateurs
186;Tyrone;Mcgarvey;formateurs
187;Mathew;Zehnder;formateurs
188;Julio;Mell;formateurs
189;Alana;Wittig;formateurs
190;Clinton;Gong;formateurs
191;Julio;Eure;formateurs
192;Lorrie;Fenderson;formateurs
193;Jamie;Brassard;formateurs
194;Clinton;Montijo;formateurs
195;Lorrie;Ishii;formateurs
196;Dona;Defreitas;formateurs
197;Darren;Mceachin;formateurs
198;Christian;Wrigley;formateurs
199;Cody;Laprade;formateurs
200;Tania;Blay;formateurs
201;Alana;Berkman;formateurs
202;Guy;Ladwig;formateurs
203;Mallory;Fitzsimons;formateurs
204;Javier;Blaze;formateurs
205;Kathrine;Roye;formateurs
206;Ericka;Hudock;formateurs
207;Maricela;Berber;formateurs
208;Tameka;Ditullio;formateurs
209;Jessie;Malan;formateurs
210;Rosalinda;Iversen;formateurs
211;Cody;Loesch;formateurs
212;Annabelle;Mccarron;formateurs
213;Carlene;Delamater;formateurs
214;Javier;Poppe;formateurs
215;Lance;Sevier;formateurs
216;Lilia;Chea;formateurs
217;Clinton;Alvord;formateurs
218;Nelson;Avey;formateurs
219;Darryl;Cannaday;formateurs
220;Tia;Walquist;formateurs
221;Ashlee;Wilkenson;formateurs
222;Clayton;Mcmartin;formateurs
223;Milagros;Poucher;formateurs
224;Dona;Tancredi;formateurs
225;Marylou;Pelc;formateurs
226;Jerri;Ryland;formateurs
227;Fernando;Lisi;formateurs
228;Noreen;Pulice;formateurs
229;Kelly;Foushee;formateurs
230;Maricela;Holdridge;formateurs
231;Mallory;Lis;formateurs
232;Erik;Pusey;formateurs
233;Avis;Steinfeld;formateurs
234;Jamie;Lady;formateurs
235;Lonnie;Guiney;formateurs
236;Hugh;Bourgault;formateurs
237;Ericka;Cutchin;formateurs
238;Fernando;Patt;formateurs
239;Christian;Wineinger;formateurs
240;Nelson;Anstett;formateurs
241;Althea;Nowacki;formateurs
242;Nita;Hocker;formateurs
243;Guy;Helsel;formateurs
244;Annabelle;Ye;formateurs
245;Milagros;Taulbee;formateurs
246;Jamie;Celaya;formateurs
247;Julio;Cashin;formateurs
248;Hugh;Ishmael;formateurs
249;Fernando;Seekins;formateurs
250;Clayton;Lotts;formateurs
251;Earlene;Cangelosi;formateurs
252;Lonnie;Easterday;formateurs
253;Darren;Lones;formateurs
254;Julio;Horstmann;formateurs
255;Annabelle;Nicastro;formateurs
256;Fernando;Kealey;formateurs
257;Jessie;Barsh;formateurs
258;Darren;Glad;formateurs
259;Mathew;Filice;formateurs
260;Neil;Breed;formateurs
261;Nannie;Wikoff;formateurs
262;Milagros;Pan;formateurs
263;Ashlee;Gath;formateurs
264;Kurt;Knapik;formateurs
265;Milton;Stedman;formateurs
266;Serena;Hysell;formateurs
267;Nita;Fling;formateurs
268;Eve;Voris;formateurs
269;Lonnie;Kloster;formateurs
270;Mathew;Boysen;formateurs
271;Darryl;Bellard;formateurs
272;Guy;Span;formateurs
273;Dona;Captain;formateurs
274;Mathew;Sprayberry;formateurs
275;Kurt;Sliwa;formateurs
276;Tania;Kruckeberg;formateurs
277;Guy;Homeyer;formateurs
278;Esmeralda;Shkreli;formateurs
279;Rosalinda;Mullikin;formateurs
280;Nita;Mogensen;formateurs
281;Kurt;Dirks;formateurs
282;Lakisha;Rast;formateurs
283;Lonnie;Gadison;formateurs
284;Mathew;Fuss;formateurs
285;Hillary;Hilty;formateurs
286;Mathew;Deak;formateurs
287;Neil;Edling;formateurs
288;Neil;Lukach;formateurs
289;Darren;Valade;formateurs
290;Neil;Pawlik;formateurs
291;Nannie;Zalewski;formateurs
292;Avis;Glance;formateurs
293;Lance;Tea;formateurs
294;Lilia;Farnan;formateurs
295;Erik;Holleman;formateurs
296;Clayton;Hipsher;formateurs
297;Gay;Difalco;formateurs
298;Jeanie;Klock;formateurs
299;Jessie;Severt;formateurs
300;Zelma;Moffat;formateurs
301;Jessie;Siders;formateurs
302;Pearlie;Mosca;formateurs
303;Eve;Suddeth;formateurs
304;Mathew;Foxx;formateurs
305;Selena;Montufar;formateurs
306;Ted;Mutch;formateurs
307;Althea;Encinas;formateurs
